{
  "experiment": "credal_member_calibration",
  "calibration": "per_member_temperature_vs_none",
  "dataset": "cifar10h",
  "encoder": "dinov2_with_registers",
  "seed": 2,
  "splits": {
    "train": 50000,
    "calib": 2500,
    "test": 7500
  },
  "hyperparams": {
    "num_members": 10,
    "epochs": 200,
    "lr": 0.01,
    "decision_rule": "non_dominated"
  },
  "metrics": {
    "test_acc_pooled_argmax": 0.9824000000953674,
    "no_calibration": {
      "coverage": 0.9883999824523926,
      "avg_set_size": 1.0230666399002075,
      "singleton_rate": 0.9821333289146423
    },
    "per_member_calibration": {
      "coverage": 0.98826664686203,
      "avg_set_size": 1.02346670627594,
      "singleton_rate": 0.981333315372467
    },
    "delta_with_minus_no": {
      "coverage": -0.00013333559036254883,
      "avg_set_size": 0.0004000663757324219,
      "singleton_rate": -0.000800013542175293
    }
  }
}
