{"meta": {"model_name": "dummy", "note": "unit-test", "classes": 3}, "distributions": {"0": [0.4148191511631012, 0.543597936630249, 0.041582878679037094], "1": [0.3519241213798523, 0.39603427052497864, 0.25204160809516907], "2": [0.16760022938251495, 0.1633695662021637, 0.6690301895141602], "3": [0.20082488656044006, 0.20135648548603058, 0.5978186726570129], "4": [0.43046653270721436, 0.37351763248443604, 0.1960158795118332]}}