{"meta": {"model_name": "dummy", "note": "unit-test", "classes": 3}, "distributions": {"0": [0.7029151320457458, 0.07262438535690308, 0.22446051239967346], "1": [0.2662540674209595, 0.4429558217525482, 0.2907900810241699], "2": [0.3798010051250458, 0.3156909942626953, 0.30450794100761414], "3": [0.22444802522659302, 0.5006816387176514, 0.2748704254627228], "4": [0.23791809380054474, 0.4820747673511505, 0.28000709414482117]}}