{
  "experiment": "dare_stack",
  "calibration": "label_relaxation",
  "dataset": "cifar10h",
  "encoder": "siglip2",
  "seed": 0,
  "splits": {
    "train": 50000,
    "calib": 2500,
    "test": 7500
  },
  "hyperparams": {
    "num_members": 10,
    "epochs": 200,
    "lr_alpha": 0.1,
    "ece_bins": 15
  },
  "metrics": {
    "test_acc": 0.963866651058197,
    "ece_uncalibrated": 0.004883221350610256,
    "ece_calibrated": 0.004883221350610256,
    "conformal_alpha": 0.1,
    "conformal_coverage": 0.892133355140686,
    "conformal_avg_set_size": 0.9461333333333334
  }
}
