n_models,accuracy_pre_mean,accuracy_pre_std,accuracy_post_mean,accuracy_post_std,epistemic_pre_mean,epistemic_pre_std,epistemic_post_mean,epistemic_post_std,epistemic_spike_mean,epistemic_spike_std
3,0.981000,0.009618,0.796000,0.068411,0.033174,0.027598,0.126476,0.056893,0.093302,0.080191
5,0.981000,0.009618,0.812000,0.016432,0.020789,0.011010,0.174968,0.041044,0.154178,0.050643
10,0.981000,0.009618,0.806000,0.018166,0.024992,0.023811,0.177030,0.044729,0.152038,0.025584
20,0.981000,0.009618,0.822000,0.013038,0.030816,0.009804,0.168349,0.049505,0.137534,0.050358
40,0.981000,0.009618,0.824000,0.015166,0.040271,0.012094,0.191312,0.023865,0.151041,0.018588
