{
  "experiment": "credal_wrapper_stack",
  "calibration": "label_relaxation",
  "dataset": "cifar10h",
  "encoder": "siglip2",
  "seed": 1,
  "splits": {
    "train": 50000,
    "calib": 2500,
    "test": 7500
  },
  "hyperparams": {
    "num_members": 10,
    "epochs": 200,
    "lr_alpha": 0.1,
    "ece_bins": 15
  },
  "metrics": {
    "test_acc": 0.9648000001907349,
    "ece_uncalibrated": 0.0062878928147256374,
    "ece_calibrated": 0.0062878928147256374,
    "conformal_alpha": 0.1,
    "conformal_coverage": 0.8982666730880737,
    "conformal_avg_set_size": 0.9517333333333333
  }
}
