{
  "experiment": "credal_wrapper_stack",
  "calibration": "temperature",
  "dataset": "cifar10h",
  "encoder": "siglip2",
  "seed": 0,
  "splits": {
    "train": 50000,
    "calib": 2500,
    "test": 7500
  },
  "hyperparams": {
    "num_members": 10,
    "epochs": 200,
    "lr_alpha": 0.1,
    "ece_bins": 15
  },
  "metrics": {
    "test_acc": 0.9652000069618225,
    "ece_uncalibrated": 0.017493562772870064,
    "ece_calibrated": 0.005221429280936718,
    "conformal_alpha": 0.1,
    "conformal_coverage": 0.8938666582107544,
    "conformal_avg_set_size": 0.9558666666666666
  }
}
